way/911369008;https://content.digitizetheplanet.org/en/protected_area/95db919b-0cb2-4c4b-b1a4-2c3f2d06a2c5/
way/924799536;https://content.digitizetheplanet.org/en/protected_area/a8108246-1fe0-438f-87c9-42fcd5fd552d/
way/925511998;https://content.digitizetheplanet.org/en/protected_area/c737f62c-07c6-4067-b078-368fd10ecbe9/
way/903915635;https://content.digitizetheplanet.org/en/protected_area/84b98713-b641-4ce7-9d6a-2214ed89c23c/
way/923832581;https://content.digitizetheplanet.org/en/protected_area/1eb917e8-7189-4b0f-8565-00ade7433ca6/
way/923832567;https://content.digitizetheplanet.org/en/protected_area/048909e9-e5fe-46f0-bf9a-fc10b9a1ffde/
way/925283139;https://content.digitizetheplanet.org/en/protected_area/f62d16c8-633d-458c-add5-7aaff667f141/
way/908854319;https://content.digitizetheplanet.org/en/protected_area/2eb6c7ba-417e-4751-bb1b-5b3f39503c5b/
way/242737314;https://content.digitizetheplanet.org/en/protected_area/616f40ef-91a3-4e08-b46f-c4eb56e78fac/
way/925512009;https://content.digitizetheplanet.org/en/protected_area/cb15ea71-74d4-4777-bfb7-9d2b9e12b6af/
way/900458714;https://content.digitizetheplanet.org/en/protected_area/4a68f021-6fb7-4e88-9256-6828ed5afa71/
way/902058194;https://content.digitizetheplanet.org/en/protected_area/e32bc61e-648e-4c4a-91b2-5570e79a44d7/
way/923832548;https://content.digitizetheplanet.org/en/protected_area/1c1ee202-9154-4c20-b676-ba807f61b839/
way/925500390;https://content.digitizetheplanet.org/en/protected_area/fe45e159-8401-4fa6-b7e6-eb1c32e07852/
way/900458710;https://content.digitizetheplanet.org/en/protected_area/36a4a4ba-01c1-45e3-b58e-81fae1ba267c/
way/911000841;https://content.digitizetheplanet.org/en/protected_area/750ad8b3-fe82-4d31-b003-d18ed4286727/
way/670963585;https://content.digitizetheplanet.org/en/protected_area/60dca211-8611-43cd-a521-84ee5dd02c77/
way/900453178;https://content.digitizetheplanet.org/en/protected_area/3c7dda44-b526-45be-9d1f-89f3f3845f44/
way/911005009;https://content.digitizetheplanet.org/en/protected_area/c716d840-616b-4595-9327-49631155fb2c/
way/923353103;https://content.digitizetheplanet.org/en/protected_area/274cd26f-63e5-4c78-a1b6-5f850e7054b0/
way/810510743;https://content.digitizetheplanet.org/en/protected_area/49b15a58-d76f-479a-91e2-0c6e56e1f0d4/
way/923832549;https://content.digitizetheplanet.org/en/protected_area/d67e9865-0b4e-4e5c-8569-4305e20786bc/
way/923832557;https://content.digitizetheplanet.org/en/protected_area/60a55cf1-b62e-48b8-a161-cd4611c77a28/
way/911584185;https://content.digitizetheplanet.org/en/protected_area/7d6f6c9d-8f5a-4a9e-a8c0-f456a3d38e56/
way/925192984;https://content.digitizetheplanet.org/en/protected_area/2545496f-851b-49d4-bae2-ce0215507507/
way/906619093;https://content.digitizetheplanet.org/en/protected_area/185009ca-b7cf-4948-a095-c7d6f9d5231a/
way/810510742;https://content.digitizetheplanet.org/en/protected_area/0566196f-75c0-4963-b9b7-43154555e46c/
way/923832565;https://content.digitizetheplanet.org/en/protected_area/cc26d836-72e3-4436-bdd1-075f85cad321/
way/923832583;https://content.digitizetheplanet.org/en/protected_area/0e0a71c4-6cb7-4f37-97f6-40ff6f11633e/
way/908854320;https://content.digitizetheplanet.org/en/protected_area/96d39352-b199-4880-8e30-81e5c15d8e65/
way/923832543;https://content.digitizetheplanet.org/en/protected_area/c70b5b9a-1cc0-4600-bb6f-7d9c7e51d663/
way/925456913;https://content.digitizetheplanet.org/en/protected_area/7a4ead43-5f7f-47ce-912b-01aec98382b0/
way/899479623;https://content.digitizetheplanet.org/en/protected_area/88625de6-b8ba-481c-ab2b-f8dc8e92db05/
way/911369012;https://content.digitizetheplanet.org/en/protected_area/3c030ed4-7e56-48eb-98f3-537cfc7b1f0f/
way/925455337;https://content.digitizetheplanet.org/en/protected_area/4d4d2467-5e0d-4097-9af8-b9f2fd0b5d69/
way/923695937;https://content.digitizetheplanet.org/en/protected_area/27b2c91a-7a71-4a18-9e9d-ca5cf6e8205b/
way/902059617;https://content.digitizetheplanet.org/en/protected_area/ae1ca987-974d-431d-9c04-afc602954ff9/
way/903915645;https://content.digitizetheplanet.org/en/protected_area/e3932177-2327-4e35-a38c-013f79fb0971/
way/900453183;https://content.digitizetheplanet.org/en/protected_area/a7096e2e-96d8-4329-a9fb-f48d5d0ca98d/
way/902058195;https://content.digitizetheplanet.org/en/protected_area/8ea141ef-986e-4e6e-8710-e46c77f59d17/
way/900453175;https://content.digitizetheplanet.org/en/protected_area/8e3d1d13-14c4-45a0-a5a4-1ec16a5168a5/
way/923832590;https://content.digitizetheplanet.org/en/protected_area/06f7e517-a878-4c5b-a7aa-a32b84f6a9d1/
way/925282603;https://content.digitizetheplanet.org/en/protected_area/6100b3c9-3618-4dd5-9e66-b7e100411b35/
way/925455336;https://content.digitizetheplanet.org/en/protected_area/bb2716ff-8074-48e7-ad4f-cbbe9a591a07/
way/924370673;https://content.digitizetheplanet.org/en/protected_area/e9454727-0329-46c5-980e-95469c3813ba/
way/908854316;https://content.digitizetheplanet.org/en/protected_area/ef773233-9b1d-43db-9419-7cda31a8a9d9/
way/931371132;https://content.digitizetheplanet.org/en/protected_area/c1351d62-6bf9-4c1d-8174-962639f42b5c/
way/903915637;https://content.digitizetheplanet.org/en/protected_area/29644e62-bb34-4666-9fe8-f2448dbff9f2/
way/908508317;https://content.digitizetheplanet.org/en/protected_area/964eeb31-4939-4cdb-ab66-0643d2a4ccb2/
way/900458711;https://content.digitizetheplanet.org/en/protected_area/5a824637-0eac-4bf5-9bd1-f4e45ef8723e/
way/900458715;https://content.digitizetheplanet.org/en/protected_area/3a6d4ab6-ce1c-4237-a042-76fe1f80eb0e/
way/923695933;https://content.digitizetheplanet.org/en/protected_area/bd9fbbab-31b4-4ab0-8ab6-cbc91cba944a/
way/899477015;https://content.digitizetheplanet.org/en/protected_area/c81c5983-1476-4456-8c0d-7c6e1178d91b/
way/916899850;https://content.digitizetheplanet.org/en/protected_area/3731a289-fb97-4aaa-851c-8b0f01fbca76/
way/923832573;https://content.digitizetheplanet.org/en/protected_area/615742cf-7764-4530-a9f0-3ce14acf5f04/
way/923695943;https://content.digitizetheplanet.org/en/protected_area/59da2c61-bb88-4e6d-8fee-4396f4d488c8/
way/211718399;https://content.digitizetheplanet.org/en/protected_area/5078d7a5-f28f-4d06-92ac-a89bfa0993a9/
way/899474789;https://content.digitizetheplanet.org/en/protected_area/e4a17713-b609-4a41-bd3f-1a4cc88ea4c3/
way/923832569;https://content.digitizetheplanet.org/en/protected_area/2b9fca32-7ae1-4214-9b43-e021599b9ace/
way/925500384;https://content.digitizetheplanet.org/en/protected_area/5405ce33-c736-440c-bcd5-2b557c2f8cc0/
way/923898449;https://content.digitizetheplanet.org/en/protected_area/865ff948-3f31-4be5-9061-6d46bf6da964/
way/905602279;https://content.digitizetheplanet.org/en/protected_area/340e88d6-8fed-4a92-bb9a-cf0993cef33a/
way/905594370;https://content.digitizetheplanet.org/en/protected_area/3428660c-43e5-473b-b296-49a0c6f735f7/
way/912116393;https://content.digitizetheplanet.org/en/protected_area/3dcd3f53-b3a0-4f67-beca-83f40884391c/
way/906619095;https://content.digitizetheplanet.org/en/protected_area/c9ad3605-9be1-465f-8f20-b825a5283c23/
way/902056359;https://content.digitizetheplanet.org/en/protected_area/55cfeb71-8220-4220-a843-5bd8222aa784/
way/925111271;https://content.digitizetheplanet.org/en/protected_area/e2607d99-f0e1-43de-a0b2-e74e937bdb76/
way/670960711;https://content.digitizetheplanet.org/en/protected_area/60465d95-a3c3-4966-8a07-500a1992d278/
way/900458724;https://content.digitizetheplanet.org/en/protected_area/1a7377f9-5e36-4010-aa09-62cade0c76ba/
way/923898447;https://content.digitizetheplanet.org/en/protected_area/020ec508-31a6-4678-adf8-4c18c940ac01/
way/931371133;https://content.digitizetheplanet.org/en/protected_area/1b370e10-4f82-4952-bed8-67ca635fe5ea/
way/902056358;https://content.digitizetheplanet.org/en/protected_area/c0ce46d4-6e73-422e-9bbd-f794945de9d1/
way/911000842;https://content.digitizetheplanet.org/en/protected_area/1056afb0-5734-41a2-b5d7-522373ba2ccd/
way/923832550;https://content.digitizetheplanet.org/en/protected_area/4e9ce47f-55d9-4124-bdf2-ef77ffcf5f18/
way/925194327;https://content.digitizetheplanet.org/en/protected_area/fd582bb1-8eb2-4617-90bf-bb2b3d9e94a1/
way/923898723;https://content.digitizetheplanet.org/en/protected_area/8b54abda-744d-4d21-bcc4-07fe40a8ce91/
way/925242124;https://content.digitizetheplanet.org/en/protected_area/1f4d26e6-276a-444d-8616-e9018a9e16e2/
way/911000847;https://content.digitizetheplanet.org/en/protected_area/54c7c492-d427-453d-9df4-706e00800d01/
way/923832558;https://content.digitizetheplanet.org/en/protected_area/b39e85a4-84b5-4d9b-9809-63fb584681c7/
way/906844787;https://content.digitizetheplanet.org/en/protected_area/6962deb7-084d-42b7-8b7d-030adc5e1888/
way/670960707;https://content.digitizetheplanet.org/en/protected_area/1e0e08ac-330b-48a0-a8c0-b68672193134/
way/925255869;https://content.digitizetheplanet.org/en/protected_area/a4226e33-a4a0-4954-b9dd-8862417fe02a/
way/903929738;https://content.digitizetheplanet.org/en/protected_area/e21f4cfc-ea7b-4abc-ae94-02b8fae1f91e/
way/908854317;https://content.digitizetheplanet.org/en/protected_area/8157d409-1364-41a4-bc2f-30461cb5e06a/
way/906844788;https://content.digitizetheplanet.org/en/protected_area/5eb64a6c-3543-4efd-8b70-21415cd21ac9/
way/906619096;https://content.digitizetheplanet.org/en/protected_area/66da23f4-c22f-4116-ae7a-9297a44ae007/
way/908508318;https://content.digitizetheplanet.org/en/protected_area/3210caa3-d371-41ff-a1c4-677816605b4f/
way/923832563;https://content.digitizetheplanet.org/en/protected_area/46a32dab-8023-467e-8a98-8540137a5696/
way/923832571;https://content.digitizetheplanet.org/en/protected_area/e82bf6d9-cfdb-491a-9b7f-40571fc6f5b0/
way/916899851;https://content.digitizetheplanet.org/en/protected_area/a1bb7892-b91a-4f03-b487-cc37bf1d7ad0/
way/923832574;https://content.digitizetheplanet.org/en/protected_area/236f54eb-222c-467e-9b45-21c6563f09af/
way/908508315;https://content.digitizetheplanet.org/en/protected_area/c0c031e1-307b-41ac-944f-4f930933266d/
way/923832572;https://content.digitizetheplanet.org/en/protected_area/f327a8ce-1043-4506-967d-0f681b30d055/
way/923656160;https://content.digitizetheplanet.org/en/protected_area/b66e2dd7-fd36-4d17-8213-411264afafff/
way/923832559;https://content.digitizetheplanet.org/en/protected_area/5c14820c-1820-4f36-9663-f47a0405a14d/
way/925259831;https://content.digitizetheplanet.org/en/protected_area/75c08970-17ff-42a0-b85a-be85d0036951/
way/923656170;https://content.digitizetheplanet.org/en/protected_area/8a00ad8e-30b7-4e13-9e89-540a871ff3ee/
way/925268513;https://content.digitizetheplanet.org/en/protected_area/81bb2a1a-48b3-466c-9744-d66ebdd1d5b5/
way/925282596;https://content.digitizetheplanet.org/en/protected_area/f06267b3-9c9f-402a-b154-0c69eae352d0/
way/925455335;https://content.digitizetheplanet.org/en/protected_area/0bb83274-5eed-44ed-8b2e-cbda7192d082/
way/906844789;https://content.digitizetheplanet.org/en/protected_area/5bf0aea4-1fc0-4376-b284-5af46845c11d/
way/923832580;https://content.digitizetheplanet.org/en/protected_area/45ae75bc-4659-4270-b365-f698bab7e1d1/
way/911369010;https://content.digitizetheplanet.org/en/protected_area/35dd6d1f-4568-4d2a-a8fc-394ea5a4f8df/
way/900453177;https://content.digitizetheplanet.org/en/protected_area/62a2a969-7465-451c-9086-5be67d92bfd5/
way/924799535;https://content.digitizetheplanet.org/en/protected_area/c024a7a0-49c0-4e93-ba92-9816aca53400/
way/810510740;https://content.digitizetheplanet.org/en/protected_area/00b9e876-b599-42de-98f7-c7a744a10270/
way/911579954;https://content.digitizetheplanet.org/en/protected_area/1bfdb9b7-aa9a-4e36-a2ec-1480acf899c3/
way/903915642;https://content.digitizetheplanet.org/en/protected_area/9c54ca25-b257-42ad-9d14-aa9a4882055f/
way/900458723;https://content.digitizetheplanet.org/en/protected_area/717e9c2a-5adc-4bb9-8491-9a0430a3bdf8/
way/899479626;https://content.digitizetheplanet.org/en/protected_area/953fc953-f246-4236-a7ad-dd6445b608b6/
way/903915646;https://content.digitizetheplanet.org/en/protected_area/6ba6268c-2085-4815-bc6f-515b6df7cf2f/
way/916898671;https://content.digitizetheplanet.org/en/protected_area/e0f64dd7-56c9-4bcf-9629-3e592a7a46d0/
way/911369007;https://content.digitizetheplanet.org/en/protected_area/90199bd5-edee-415c-b9c2-69ca38869d60/
way/923695935;https://content.digitizetheplanet.org/en/protected_area/57088831-b248-4274-b0c9-01979e87f404/
way/925455339;https://content.digitizetheplanet.org/en/protected_area/39856d10-4609-4661-94bb-edfff0ad45d6/
way/900453181;https://content.digitizetheplanet.org/en/protected_area/e6e4e0fe-bfe0-405e-93de-dc4675f0a6ba/
way/904222519;https://content.digitizetheplanet.org/en/protected_area/9bffd441-6e88-48dd-9a7f-a6f063b73241/
way/923656167;https://content.digitizetheplanet.org/en/protected_area/2e1dafa1-5eee-443c-aa39-3171c6f8d432/
way/908854314;https://content.digitizetheplanet.org/en/protected_area/f44e1e92-a456-4caf-9fb9-54d6ad217135/
way/655465147;https://content.digitizetheplanet.org/en/protected_area/c6229614-acbd-4b01-8616-aa036b351d03/
way/900458713;https://content.digitizetheplanet.org/en/protected_area/e7507def-f195-4bb2-ae7b-9ec87885a571/
way/905594377;https://content.digitizetheplanet.org/en/protected_area/88e68232-506c-4c61-ae04-67c5bb773263/
way/925458448;https://content.digitizetheplanet.org/en/protected_area/159afc5e-0306-4e88-882f-025ba1469ece/
way/908508320;https://content.digitizetheplanet.org/en/protected_area/1a8c0225-68ac-477e-85c0-b154c6ceb1dd/
way/670960710;https://content.digitizetheplanet.org/en/protected_area/8a024482-866a-43b3-8211-fb25cb068bdc/
way/900453171;https://content.digitizetheplanet.org/en/protected_area/59dc5ce2-260e-490f-a203-c07793ebd686/
way/900458709;https://content.digitizetheplanet.org/en/protected_area/6ad35cb5-bd41-44ca-b8c3-7cea6eac12b5/
way/905594378;https://content.digitizetheplanet.org/en/protected_area/4ef85159-4490-443a-8d6c-bdc86d8e7494/
way/905602282;https://content.digitizetheplanet.org/en/protected_area/2dc81d5a-69f9-46a7-89f0-ddd1fa1a2d01/
way/925512003;https://content.digitizetheplanet.org/en/protected_area/b6cce6c2-5ecb-4916-8dc4-f8caa46392a6/
way/900455846;https://content.digitizetheplanet.org/en/protected_area/d0092341-7a49-4372-82f9-b2f70da62194/
way/904222518;https://content.digitizetheplanet.org/en/protected_area/8b55aac9-be3b-429b-bbe3-401674361274/
way/925456914;https://content.digitizetheplanet.org/en/protected_area/b675b5ac-c01a-44b2-9466-67dc1b9b9f19/
way/912116400;https://content.digitizetheplanet.org/en/protected_area/de7a2a9a-edfd-46e0-8a0f-fa46e955f8a7/
way/923656163;https://content.digitizetheplanet.org/en/protected_area/2e28da60-15d6-4861-93de-ca2c48435ca3/
way/923832564;https://content.digitizetheplanet.org/en/protected_area/0d08295b-7bdc-49e8-9584-83f48ad8b483/
way/467770108;https://content.digitizetheplanet.org/en/protected_area/eeb5652d-6e0d-43d4-aa7b-44f1f4eeabc8/
way/900453173;https://content.digitizetheplanet.org/en/protected_area/4747b126-7ac2-4892-930b-18c3c995b084/
way/903915647;https://content.digitizetheplanet.org/en/protected_area/560b9547-151a-4949-ba21-19e51167e720/
way/911003164;https://content.digitizetheplanet.org/en/protected_area/f8836acf-03fd-481c-b999-58d8042aa933/
way/923832570;https://content.digitizetheplanet.org/en/protected_area/ed685e82-591a-4f58-bf97-f8afc67146b0/
way/924593567;https://content.digitizetheplanet.org/en/protected_area/e1507f5e-ed4f-454c-8c4c-c0fac6177e86/
way/810510741;https://content.digitizetheplanet.org/en/protected_area/c8f8c524-afe3-4c87-9fe4-e1c8e1784ef8/
way/900458722;https://content.digitizetheplanet.org/en/protected_area/9dde26e8-a454-4218-ab69-69010088fbe1/
way/900453174;https://content.digitizetheplanet.org/en/protected_area/94a937e5-6d12-4c37-b25f-d8ebc977f0a7/
way/568519134;https://content.digitizetheplanet.org/en/protected_area/bb4e2ce7-1f56-40d0-9815-34ab53fdb202/
way/900458733;https://content.digitizetheplanet.org/en/protected_area/1d35605e-4bb6-48dc-b6d6-c3d230d325ef/
way/900453180;https://content.digitizetheplanet.org/en/protected_area/51e3fd91-db2b-45fb-a92d-7960716d7b83/
way/902058187;https://content.digitizetheplanet.org/en/protected_area/5f01b9e3-09be-43cf-9e43-c41b83e17a98/
way/902056360;https://content.digitizetheplanet.org/en/protected_area/38172cc4-53d4-41d6-8031-b7501dbd8a23/
way/905602266;https://content.digitizetheplanet.org/en/protected_area/9b672ed3-f3ce-465a-ad10-215267e491cf/
way/903551133;https://content.digitizetheplanet.org/en/protected_area/f73621b4-2fa3-4dfa-a087-c364887080dc/
way/908854315;https://content.digitizetheplanet.org/en/protected_area/3a5c0ae3-1e6d-4e2a-a96b-39ebd740b59c/
way/923832576;https://content.digitizetheplanet.org/en/protected_area/d42a1dc2-20a6-4588-af73-87df93802add/
way/903915643;https://content.digitizetheplanet.org/en/protected_area/9a4e260c-fc6f-4bd2-8063-6c51cac79fbb/
way/923656166;https://content.digitizetheplanet.org/en/protected_area/13607660-9afb-4d09-9d41-f869500f84b0/
way/906619094;https://content.digitizetheplanet.org/en/protected_area/22f41ac2-4eb9-45da-988b-bd1290e60e49/
way/923832562;https://content.digitizetheplanet.org/en/protected_area/1f71c330-e6a8-41fd-a54a-c6fa3607e430/
way/923832556;https://content.digitizetheplanet.org/en/protected_area/369385e6-e732-4031-a6fe-ee7a8dc66709/
way/900458729;https://content.digitizetheplanet.org/en/protected_area/5e271d0e-2724-4445-b38e-278a9c331015/
way/900458718;https://content.digitizetheplanet.org/en/protected_area/bba77361-cea6-4712-9001-62e99457bc94/
way/903915644;https://content.digitizetheplanet.org/en/protected_area/36a83658-95d9-43b6-a7ef-9375c2498baf/
way/925512002;https://content.digitizetheplanet.org/en/protected_area/22ae801b-544c-4951-8394-61acf33646d9/
way/925268515;https://content.digitizetheplanet.org/en/protected_area/d5b73d7e-c755-46b0-bb55-55b870c0e472/
way/925527905;https://content.digitizetheplanet.org/en/protected_area/457357fc-962e-403e-9264-4217b907c020/
way/905602267;https://content.digitizetheplanet.org/en/protected_area/6983db49-061e-4cc3-a482-36b1b7cc154e/
way/925527904;https://content.digitizetheplanet.org/en/protected_area/7eb605c5-e777-4ff6-84f1-09dc2fc65193/
way/902058188;https://content.digitizetheplanet.org/en/protected_area/a71603f0-fd1b-426e-9995-d4a6f4c45627/
way/924592894;https://content.digitizetheplanet.org/en/protected_area/48e30e4a-2418-4591-881d-0f18b3524248/
way/902060181;https://content.digitizetheplanet.org/en/protected_area/28997823-1bbd-4195-8cb0-25f4ceae6a33/
way/900442506;https://content.digitizetheplanet.org/en/protected_area/894cfd0a-548a-42c8-80cd-859f62e33d74/
way/912116395;https://content.digitizetheplanet.org/en/protected_area/07b905d8-02a7-49bf-bb5e-ab677d1cd6d2/
way/925498019;https://content.digitizetheplanet.org/en/protected_area/800166ec-e9ba-4025-b0e9-48a2a2bddfe1/
way/925512012;https://content.digitizetheplanet.org/en/protected_area/abde4d36-8511-4099-849c-0fe708d82865/
way/911003165;https://content.digitizetheplanet.org/en/protected_area/dfd5e467-c53a-4c14-9f90-2f9bd807e441/
way/924593566;https://content.digitizetheplanet.org/en/protected_area/0f2d07f3-df37-4a1f-a815-a5e5b9b4c25c/
way/204145192;https://content.digitizetheplanet.org/en/protected_area/19b9ebed-dc68-4679-870e-f285b4fa5e3a/
way/900458721;https://content.digitizetheplanet.org/en/protected_area/b82c4f1f-6772-4047-b198-b2eba638ea84/
way/923832584;https://content.digitizetheplanet.org/en/protected_area/aecca446-d3a6-4a7b-a360-10c75f4658a4/
way/924593570;https://content.digitizetheplanet.org/en/protected_area/24d725fe-79f2-4f29-8349-3ad6bf527c0a/
way/900458732;https://content.digitizetheplanet.org/en/protected_area/f8ef51a0-e786-463f-853a-5f9376b89980/
way/911579958;https://content.digitizetheplanet.org/en/protected_area/d12f135f-e7ff-48ef-9cbd-11b51a601fa7/
way/905594376;https://content.digitizetheplanet.org/en/protected_area/705193a0-583e-4d7e-b329-41e0530fa970/
way/912116396;https://content.digitizetheplanet.org/en/protected_area/d31ad430-436e-4463-a6e0-9021f8767bc6/
way/925242125;https://content.digitizetheplanet.org/en/protected_area/9a3041ef-9e87-4830-b416-60ebc209f1fe/
way/902056361;https://content.digitizetheplanet.org/en/protected_area/e8c91d7f-49e6-4237-ab68-3cac7300841a/
way/905602281;https://content.digitizetheplanet.org/en/protected_area/bf621cd7-becb-4657-ab17-ab8885a964fe/
way/911579955;https://content.digitizetheplanet.org/en/protected_area/5b8f1228-73bf-46bc-bc08-e4db9b7fd492/
way/923832553;https://content.digitizetheplanet.org/en/protected_area/9fc8318e-925c-41c4-a069-e7ce587e77d8/
way/900458719;https://content.digitizetheplanet.org/en/protected_area/e38717ff-8701-4471-a995-2751c023a793/
way/925493627;https://content.digitizetheplanet.org/en/protected_area/fd6fbde7-3f89-4ede-845c-a4afc5bea3e3/
way/923695936;https://content.digitizetheplanet.org/en/protected_area/38fd7566-e27b-4b4c-9690-c833a67e9ec9/
way/906619092;https://content.digitizetheplanet.org/en/protected_area/7bd91ab4-a446-4268-a181-4573052629da/
way/923832551;https://content.digitizetheplanet.org/en/protected_area/753bcb77-d466-45fe-9f31-17549ef72f3d/
way/905594366;https://content.digitizetheplanet.org/en/protected_area/cc3d151e-02ee-4c3b-bfe7-01fa84188f19/
way/900458707;https://content.digitizetheplanet.org/en/protected_area/98dbc8de-2ca2-4b23-8c94-5fa1558c1492/
way/908508319;https://content.digitizetheplanet.org/en/protected_area/5fef1e97-3c64-43b6-b672-78f12496821c/
way/911584186;https://content.digitizetheplanet.org/en/protected_area/149e0bcc-5673-4e07-baf6-0f718215b844/
way/906844790;https://content.digitizetheplanet.org/en/protected_area/a7989b4b-495a-4ab7-a13c-1af32667f9d0/
way/923353100;https://content.digitizetheplanet.org/en/protected_area/96637b3a-d602-42ac-a2c3-1780e1883a5f/
way/925282605;https://content.digitizetheplanet.org/en/protected_area/900ed46e-b015-4d90-a1c8-f430646d39bb/
way/925282598;https://content.digitizetheplanet.org/en/protected_area/9f329ec3-72ed-4571-bef9-2d29bc4b377d/
way/52329211;https://content.digitizetheplanet.org/en/protected_area/8325e984-ecc3-4c13-a106-cc1cc39f9765/
way/901347966;https://content.digitizetheplanet.org/en/protected_area/3bb4f066-8c43-4bd8-a10e-667f0aa60303/
way/908508316;https://content.digitizetheplanet.org/en/protected_area/384f2bc7-4bfc-46e6-816e-c59946943625/
way/911000846;https://content.digitizetheplanet.org/en/protected_area/2c7841eb-5a59-415f-b0fb-8d640100b936/
way/911369011;https://content.digitizetheplanet.org/en/protected_area/7d6747a6-7de6-49ab-b9c5-38009d16b47a/
way/900453184;https://content.digitizetheplanet.org/en/protected_area/a88cf108-4115-496e-95c2-fa1b9cda1e50/
way/912116397;https://content.digitizetheplanet.org/en/protected_area/d31a4e55-1b9f-4c40-97c4-bf95abb017e7/
way/924593569;https://content.digitizetheplanet.org/en/protected_area/1f4d6eec-c58a-4493-9123-24657830df24/
way/900442503;https://content.digitizetheplanet.org/en/protected_area/5c65c6f7-446d-4726-95eb-9f6cfec544ec/
way/911579957;https://content.digitizetheplanet.org/en/protected_area/da9fc55a-c015-4396-a7fe-6e743941cf1b/
way/900458720;https://content.digitizetheplanet.org/en/protected_area/34445be5-644a-4313-a2c0-2dc549069ad9/
way/904222522;https://content.digitizetheplanet.org/en/protected_area/b6c5f1c3-d17e-4319-ad34-664db437f6f2/
way/923695942;https://content.digitizetheplanet.org/en/protected_area/0c831230-e02f-4973-a33a-fc2e93b0d713/
way/899479624;https://content.digitizetheplanet.org/en/protected_area/05353394-4d7e-465e-a1a6-eb6f1fdf47ed/
way/900458731;https://content.digitizetheplanet.org/en/protected_area/1328bbc6-4778-4161-a3d8-b375fb97bc40/
way/902060179;https://content.digitizetheplanet.org/en/protected_area/c7bb2b85-dab1-4969-846e-d50ad94886c5/
way/902059616;https://content.digitizetheplanet.org/en/protected_area/0e84943f-5560-4e83-aca7-8553b6890ec6/
way/923832552;https://content.digitizetheplanet.org/en/protected_area/bb87d242-a2a1-4996-8e37-8fb925f6a20e/
way/911580742;https://content.digitizetheplanet.org/en/protected_area/69b3319f-8f65-46df-a26d-f5bf13796613/
way/911584184;https://content.digitizetheplanet.org/en/protected_area/8c9ed454-66e0-4e83-9fb4-b5f1277e7f43/
way/900458728;https://content.digitizetheplanet.org/en/protected_area/21ddbaf4-51c6-4974-b4cf-ae4c278fc941/
way/925512013;https://content.digitizetheplanet.org/en/protected_area/1d6cc537-fa81-4bd3-aa43-5a7e54be3658/
way/894195574;https://content.digitizetheplanet.org/en/protected_area/338f4e01-744c-4533-a8c8-1e219a59f750/
way/925268514;https://content.digitizetheplanet.org/en/protected_area/7920e17e-6314-43f2-8e6e-cf58437ee239/
way/906619091;https://content.digitizetheplanet.org/en/protected_area/fc532254-d994-4b6c-8a64-635750bab542/
way/923656165;https://content.digitizetheplanet.org/en/protected_area/5362fd78-347e-4bc3-b90e-d552fb68adbd/
way/911580741;https://content.digitizetheplanet.org/en/protected_area/34149d27-5092-4555-9482-7631deb1ae6a/
way/900458725;https://content.digitizetheplanet.org/en/protected_area/e3004b32-80ff-4e2a-9e73-a37924970b14/
way/902058193;https://content.digitizetheplanet.org/en/protected_area/81b533df-485e-4280-8009-b3d50205c14b/
way/923832541;https://content.digitizetheplanet.org/en/protected_area/48b37ca1-6424-4dd9-859f-1986dad42adc/
way/900453179;https://content.digitizetheplanet.org/en/protected_area/b6b2df3a-bf61-4d04-8d2a-f93d38911dd6/
way/900458716;https://content.digitizetheplanet.org/en/protected_area/06fb8efc-4d54-4d06-b2a3-044033b73e40/
way/901347970;https://content.digitizetheplanet.org/en/protected_area/48a35acb-3946-4432-84a3-87269931a988/
way/923832546;https://content.digitizetheplanet.org/en/protected_area/261294bf-c4ca-43b3-95f0-32bf377adf22/
way/911584182;https://content.digitizetheplanet.org/en/protected_area/c9ba13d3-2d86-44e4-8ce8-f43613d957ff/
way/900453176;https://content.digitizetheplanet.org/en/protected_area/2eb77785-c78b-459f-8f5e-2ae5e3e93a3a/
way/925512000;https://content.digitizetheplanet.org/en/protected_area/37eafd79-8fb9-4bf7-a41d-c7a8b7aa7de1/
way/923832555;https://content.digitizetheplanet.org/en/protected_area/db131898-ce01-4096-87cf-6673f43a9052/
way/911369009;https://content.digitizetheplanet.org/en/protected_area/8f72bab9-3103-4217-bcf0-37637e86950d/
way/911000845;https://content.digitizetheplanet.org/en/protected_area/eddb6425-458f-48fa-aa2b-5924fd74d34c/
way/900438636;https://content.digitizetheplanet.org/en/protected_area/487eebf2-5a17-4dd9-af82-f3ee2f5e3ee8/
way/331839821;https://content.digitizetheplanet.org/en/protected_area/d38da8a3-9b80-4989-bc9c-a7632eff5ed5/
way/925455334;https://content.digitizetheplanet.org/en/protected_area/79b99013-37bc-4dd0-b37e-c00af656aba7/
way/923832578;https://content.digitizetheplanet.org/en/protected_area/ce65e1a9-0360-4d05-aa02-238437424f2e/
way/923695932;https://content.digitizetheplanet.org/en/protected_area/65bd478e-ecc2-42fa-aab4-b4c1fc83cded/
way/899479625;https://content.digitizetheplanet.org/en/protected_area/e90dae19-44ec-4832-a412-666bced3276b/
way/924593568;https://content.digitizetheplanet.org/en/protected_area/f6bafe73-2a6b-49c1-bfed-72fba49d0325/
way/925240950;https://content.digitizetheplanet.org/en/protected_area/7905373f-ac5f-4858-b183-453f8f843cef/
way/925511999;https://content.digitizetheplanet.org/en/protected_area/a058537f-c36a-45ae-bdc0-95f8c7ba8efd/
way/925517185;https://content.digitizetheplanet.org/en/protected_area/0f983f6a-dd4d-4b49-898c-3b5c957c2948/
way/925517188;https://content.digitizetheplanet.org/en/protected_area/bf10e043-8115-4460-bd26-4598bb17f236/
way/900458727;https://content.digitizetheplanet.org/en/protected_area/1ffac989-7d98-4944-9551-3561da8e7c87/
way/911579956;https://content.digitizetheplanet.org/en/protected_area/7c0066e0-de71-45cd-8b83-4cc01d647bc8/
way/923832589;https://content.digitizetheplanet.org/en/protected_area/d8853884-3e45-434c-8297-796bfdf524b7/
way/923832582;https://content.digitizetheplanet.org/en/protected_area/9fa2f500-c4e4-4169-b71b-b569f1d5b047/
way/923832579;https://content.digitizetheplanet.org/en/protected_area/94576c4b-a2fc-4b45-82e9-1febeec81b28/
way/899479621;https://content.digitizetheplanet.org/en/protected_area/d47991c4-15ac-4f8c-bef0-6c05e2ec2734/
way/905602268;https://content.digitizetheplanet.org/en/protected_area/e33bb959-8dec-4dae-a1a5-bd9bf921b776/
way/911584183;https://content.digitizetheplanet.org/en/protected_area/6928da30-dfba-4e4a-9882-11640267530d/
way/923695931;https://content.digitizetheplanet.org/en/protected_area/1f2ab688-456b-4e10-8cbc-f98fdf7da1ae/
way/925501014;https://content.digitizetheplanet.org/en/protected_area/9d507ed1-f6b6-4051-ae7a-79bacfde8689/
way/923832539;https://content.digitizetheplanet.org/en/protected_area/ab010fd6-a7ef-4367-8744-ef02658e86ce/
way/923898448;https://content.digitizetheplanet.org/en/protected_area/d624cfa3-9f79-43e8-931c-c45944aceb1b/
way/901347971;https://content.digitizetheplanet.org/en/protected_area/c55961e0-f8d4-4733-bfa2-61bf95b4315e/
way/905594375;https://content.digitizetheplanet.org/en/protected_area/f41cb313-e96a-49d5-85e7-4e59b1c91cf3/
way/908854318;https://content.digitizetheplanet.org/en/protected_area/41d050c6-c847-413f-b6e3-01b1d92ebac2/
way/901352672;https://content.digitizetheplanet.org/en/protected_area/3a024b51-4ea5-4b49-9753-83500b2c5b0f/
way/925517186;https://content.digitizetheplanet.org/en/protected_area/f51f8967-25d2-42dd-8774-d5058f83006b/
way/905594365;https://content.digitizetheplanet.org/en/protected_area/d7d3d8c5-eb2c-4488-9355-b25623dfba49/
way/900458717;https://content.digitizetheplanet.org/en/protected_area/8439b8b6-8875-4d09-b23a-bead2ffbe89a/
way/923656162;https://content.digitizetheplanet.org/en/protected_area/51939bee-885b-4ddb-8777-0e7b4ea28e93/
way/923695938;https://content.digitizetheplanet.org/en/protected_area/40e304b5-3133-4755-ac63-2680a5f9c8bc/
way/902060180;https://content.digitizetheplanet.org/en/protected_area/e0e1dec4-29f3-44e2-847a-f455952b713f/
way/905594371;https://content.digitizetheplanet.org/en/protected_area/e659b4a4-90c1-4c5a-bc70-6738137a2f12/
way/911584181;https://content.digitizetheplanet.org/en/protected_area/6b64282a-c1d4-4542-8af6-8754eab987f4/
way/923656173;https://content.digitizetheplanet.org/en/protected_area/24171adf-300b-46a2-b8aa-d72c0286db23/
way/904222520;https://content.digitizetheplanet.org/en/protected_area/04703137-2bc7-4449-b7bc-f93f8f8e8bd6/
way/925198059;https://content.digitizetheplanet.org/en/protected_area/0ceb6f70-38e3-429d-a98a-9cb9066e71c4/
way/923353102;https://content.digitizetheplanet.org/en/protected_area/1e649f76-d1b3-474a-82c9-51c39ddab863/
way/923832544;https://content.digitizetheplanet.org/en/protected_area/2d959bde-ee2e-4ade-af00-87eeaa5559fc/
way/331837218;https://content.digitizetheplanet.org/en/protected_area/9f7758ee-7a48-44db-be3e-9adbaa180306/
way/916898233;https://content.digitizetheplanet.org/en/protected_area/54476867-cef8-4f94-8ea6-97c2b43e9627/
way/905594369;https://content.digitizetheplanet.org/en/protected_area/295b7f9a-db78-4651-97be-619a7fa18898/
way/912116394;https://content.digitizetheplanet.org/en/protected_area/cec38fcb-7f09-4cde-875b-5bfc0469919f/
way/264799713;https://content.digitizetheplanet.org/en/protected_area/fbb9f83a-6185-4407-b868-8bd40a5f6e4f/
way/923656164;https://content.digitizetheplanet.org/en/protected_area/7103f48d-1fd9-4aa1-8c50-06f2e702a3e3/
way/900453182;https://content.digitizetheplanet.org/en/protected_area/6279c403-f858-466f-a490-fe2bb5cd2bd3/
way/923832568;https://content.digitizetheplanet.org/en/protected_area/e9978577-0f54-4fe0-9069-5f4cdb6782c3/
way/923832554;https://content.digitizetheplanet.org/en/protected_area/13be31ab-52d8-4b54-b665-9c4e64ba960f/
way/242737312;https://content.digitizetheplanet.org/en/protected_area/186af065-bb68-44de-9788-2b25b3742728/
way/900458712;https://content.digitizetheplanet.org/en/protected_area/ab86f025-b89e-4985-bab0-ee0123c18dc6/
way/923695930;https://content.digitizetheplanet.org/en/protected_area/182008fb-a870-4f04-8ad1-bba961dd4911/
way/899479622;https://content.digitizetheplanet.org/en/protected_area/6da95e6e-2a2e-4831-956c-fcb803a1f168/
way/916898672;https://content.digitizetheplanet.org/en/protected_area/01a37047-00ed-4db5-8914-c9faefe86c50/
way/923832560;https://content.digitizetheplanet.org/en/protected_area/7d32deb4-7095-4d3e-8ad5-e046406cf633/
way/900458726;https://content.digitizetheplanet.org/en/protected_area/6616c44c-bdc4-48fd-87bc-e738bfa4648e/
way/911584187;https://content.digitizetheplanet.org/en/protected_area/b1c1c176-0def-438c-83da-c5581e7943e1/
way/1174216526;https://content.digitizetheplanet.org/en/protected_area/e59be9c6-66b1-4b3e-a3de-ec00a217acb9/
way/386834241;https://content.digitizetheplanet.org/en/protected_area/aa6f17de-8739-448d-afe7-fa969b248aaf/
way/900455845;https://content.digitizetheplanet.org/en/protected_area/698d4497-0850-48b1-8e6d-247837223335/
way/904222521;https://content.digitizetheplanet.org/en/protected_area/2b203d83-290a-43ed-aa0a-0086151fa933/
way/905602273;https://content.digitizetheplanet.org/en/protected_area/18028716-5af3-4fc9-9417-197c3f5e36d3/
way/1174243186;https://content.digitizetheplanet.org/en/protected_area/5bd26c6e-a3bd-42c4-b075-7ea73c75f5cf/
way/905602272;https://content.digitizetheplanet.org/en/protected_area/0c0e0f2b-c84e-46bc-ac7b-b3cedf1ac28f/
way/1174226089;https://content.digitizetheplanet.org/en/protected_area/b340b35b-a8bd-4b04-9765-a668d853a994/
way/900458708;https://content.digitizetheplanet.org/en/protected_area/fed35772-a9b3-4ab9-b17c-69fc6adc2f6e/
way/1173248022;https://content.digitizetheplanet.org/en/protected_area/3b82b110-9b02-41ed-9d22-2e574f511b30/
way/923656161;https://content.digitizetheplanet.org/en/protected_area/f7c2e6e5-84fc-4194-970b-624b4e945ab3/
way/1173248020;https://content.digitizetheplanet.org/en/protected_area/3e3ff72f-77eb-4943-ab21-d93550606aa9/
way/1173582191;https://content.digitizetheplanet.org/en/protected_area/d5e92905-1da0-4c4b-ba91-049ddabbd150/
way/1122463965;https://content.digitizetheplanet.org/en/protected_area/59e3b656-ea35-47a2-b885-4b3ee1c90275/
way/1173248024;https://content.digitizetheplanet.org/en/protected_area/34041e33-d74f-4c8d-867b-201d3cdf58ad/
way/1173248023;https://content.digitizetheplanet.org/en/protected_area/583d8e5c-13b2-4d58-bf3e-bd07c08de4b1/
way/1173248021;https://content.digitizetheplanet.org/en/protected_area/fc9b9851-ae6b-4f7c-bc80-bbc70ae426da/
way/1174219538;https://content.digitizetheplanet.org/en/protected_area/2d7655df-c2de-408b-8a3d-15d4a63f7989/
way/1174219536;https://content.digitizetheplanet.org/en/protected_area/d61af5a2-bb11-4cdd-81c2-e5a7bafbad12/
way/1174219537;https://content.digitizetheplanet.org/en/protected_area/2e99c403-8a21-4a2d-a6d0-0a93352c06d8/
way/1174219535;https://content.digitizetheplanet.org/en/protected_area/c7765528-751d-4720-8144-3c589d5f7afe/
way/1174220192;https://content.digitizetheplanet.org/en/protected_area/5ea731dc-a117-4533-90f0-b5c2cadd7773/
way/900458730;https://content.digitizetheplanet.org/en/protected_area/75c3a466-f45b-4e12-8ffd-7a19363745e1/
way/1173373940;https://content.digitizetheplanet.org/en/protected_area/d0bd8e88-1ca5-4980-a8e4-90724a449ce9/
way/1173585745;https://content.digitizetheplanet.org/en/protected_area/40c30c87-ba72-456d-8e01-f6a57d8059db/
way/1234576502;https://content.digitizetheplanet.org/en/protected_area/b05be529-c909-4575-ad51-282a1e4032e1/
way/382746861;https://content.digitizetheplanet.org/en/protected_area/f7f6e37c-e3e2-4d2b-abcb-6eee998ce91e/
way/925259830;https://content.digitizetheplanet.org/en/protected_area/6afd8581-b38b-4c35-98d2-b908cd60a39c/
way/925458458;https://content.digitizetheplanet.org/en/protected_area/6ec7ecdf-2958-4187-8985-d6c78ca3afda/
way/1002289154;https://content.digitizetheplanet.org/en/protected_area/1e70bfca-57a6-4804-838c-b33780dfe2d8/
way/925199679;https://content.digitizetheplanet.org/en/protected_area/dfa97b57-0538-4d27-998f-ead7958b6358/
way/925268508;https://content.digitizetheplanet.org/en/protected_area/6d41baba-597c-4f62-aa37-5449dacc0df1/
relation/10724195;https://content.digitizetheplanet.org/en/protected_area/b434be1f-575b-4674-998f-5bd9b0dcd35d/
way/925456912;https://content.digitizetheplanet.org/en/protected_area/e1f56f90-2374-470e-93bd-a54d9d514791/
way/925500382;https://content.digitizetheplanet.org/en/protected_area/5db0f53d-b727-4a35-9ae4-27780b8eff51/
relation/10724196;https://content.digitizetheplanet.org/en/protected_area/c267724c-03aa-42a1-b1d3-177f84d0f90b/
way/925458449;https://content.digitizetheplanet.org/en/protected_area/f72f32ab-2586-4e59-8b98-602ee555ef4a/
relation/10724198;https://content.digitizetheplanet.org/en/protected_area/aa381c36-5356-42b1-9c7d-702ec2f9fbba/
way/925458457;https://content.digitizetheplanet.org/en/protected_area/e5c5e769-bfd3-433c-a3e1-0c138a1521a7/
way/925500376;https://content.digitizetheplanet.org/en/protected_area/acf7ced7-df60-4613-9da5-4e6c4d56cfb0/
way/925282597;https://content.digitizetheplanet.org/en/protected_area/1284cf61-cbb9-4bd3-89ed-fa3aef6786b3/
way/925500383;https://content.digitizetheplanet.org/en/protected_area/57ac810a-144c-46e2-a161-928b9880b00b/
way/925498009;https://content.digitizetheplanet.org/en/protected_area/fd69d30f-ac61-4e23-a576-b1b7b084f745/
way/925199677;https://content.digitizetheplanet.org/en/protected_area/31744ced-3720-40f9-91dd-91fb6a463dd4/
way/925282594;https://content.digitizetheplanet.org/en/protected_area/3f3502bb-f999-428f-9050-a5a469bcbf02/
way/925512022;https://content.digitizetheplanet.org/en/protected_area/5e4ea3fe-a14d-4b12-a2b0-268631362563/
way/925458455;https://content.digitizetheplanet.org/en/protected_area/b462f0b3-c7bf-478f-af9f-f2b0d5d377df/
way/925500385;https://content.digitizetheplanet.org/en/protected_area/6b542878-d456-4c5b-a2a0-7c7f903e27de/
way/925512008;https://content.digitizetheplanet.org/en/protected_area/16c2c432-d7a5-4caf-8a2b-0af44ba51163/
way/925498016;https://content.digitizetheplanet.org/en/protected_area/619f03ba-eb9b-43ed-a0dd-3bbdddef90ab/
way/925498011;https://content.digitizetheplanet.org/en/protected_area/f3c320ba-c507-4987-88a3-870d1aa5d07b/
way/925219223;https://content.digitizetheplanet.org/en/protected_area/2dccc504-83c7-43a5-815c-fb2bba1bfe0d/
way/925498008;https://content.digitizetheplanet.org/en/protected_area/1622bafc-389a-48a0-a63d-576b79018ee3/
way/925268504;https://content.digitizetheplanet.org/en/protected_area/fc5b0053-c5d4-4500-9568-935d0dff4d2e/
way/925185305;https://content.digitizetheplanet.org/en/protected_area/7dd9d1fe-346f-4cb2-8eff-9c8ec32e8237/
way/925198058;https://content.digitizetheplanet.org/en/protected_area/10b6cc3c-6cf2-45dc-b427-9611a49a64cc/
way/925500389;https://content.digitizetheplanet.org/en/protected_area/d03b175a-2f76-408f-a7cf-f772613491d2/
way/925190292;https://content.digitizetheplanet.org/en/protected_area/cbc9d073-12e6-410a-a37e-92dbb6af235e/
way/925512018;https://content.digitizetheplanet.org/en/protected_area/43bd52ef-e961-4be2-a481-c22f9c31315c/
way/925282600;https://content.digitizetheplanet.org/en/protected_area/db37b5cb-62a9-43f6-823c-2a88e3c5af60/
way/925268510;https://content.digitizetheplanet.org/en/protected_area/52e747ff-98d5-426e-8f12-69b26750b488/
relation/10724197;https://content.digitizetheplanet.org/en/protected_area/dece3a1e-090c-4198-a499-109e333b8bb7/
way/932810135;https://content.digitizetheplanet.org/en/protected_area/57e3400f-1485-44f5-9717-60a735058f6d/
way/925458454;https://content.digitizetheplanet.org/en/protected_area/6e43101f-07bd-4b7d-b977-d886d84cfa17/
way/925219219;https://content.digitizetheplanet.org/en/protected_area/ce0c2c4f-a885-425b-90c6-5dd5404af578/
way/925189143;https://content.digitizetheplanet.org/en/protected_area/b4865db5-876c-407b-b908-9ac376c1685f/
way/923695941;https://content.digitizetheplanet.org/en/protected_area/d7ddce4f-01ff-41ed-ab25-957bef4068a3/
way/75778869;https://content.digitizetheplanet.org/en/protected_area/ff17a39b-87e1-4f8b-b4a5-1cb29af5179f/
way/925498020;https://content.digitizetheplanet.org/en/protected_area/bca20aba-fdc0-499c-9368-072c574752fd/
way/925512005;https://content.digitizetheplanet.org/en/protected_area/2bbc034a-8893-4453-91a8-035c222608a6/
way/925512017;https://content.digitizetheplanet.org/en/protected_area/fdd68fc3-8611-44ee-b265-86efc6b9b248/
way/925282599;https://content.digitizetheplanet.org/en/protected_area/45f30cbe-8d00-492d-8ca8-b7b91796628a/
way/925512021;https://content.digitizetheplanet.org/en/protected_area/a3843d47-728c-4c51-b99c-91b3ee96fef3/
way/925219220;https://content.digitizetheplanet.org/en/protected_area/5b962838-c77d-4865-801a-33058c3c5ffa/
way/925219222;https://content.digitizetheplanet.org/en/protected_area/0249f654-7f3d-4fe4-8d32-53951e16e20d/
way/925219218;https://content.digitizetheplanet.org/en/protected_area/f4d09fbb-5f88-4c11-a8d3-7f78136039bc/
way/1174218576;https://content.digitizetheplanet.org/en/protected_area/652f0035-15e0-4bb3-b55a-c54e3ee9e42a/
way/675840763;https://content.digitizetheplanet.org/en/protected_area/9d068039-26e7-46a3-b819-849bbeca6b13/
way/251790256;https://content.digitizetheplanet.org/en/protected_area/e7312377-d329-4630-b820-2747cdbf4cce/
way/925501017;https://content.digitizetheplanet.org/en/protected_area/562ecbf3-2187-495e-984e-d666e8915fe0/
way/251790255;https://content.digitizetheplanet.org/en/protected_area/57c94556-c588-4c1a-9cdf-d956b2e52e07/
way/700216246;https://content.digitizetheplanet.org/en/protected_area/0150e744-969c-4b2c-9d3b-fdfeb0eccabe/
way/764650003;https://content.digitizetheplanet.org/en/protected_area/65411fc3-ac64-4edc-a1a8-1da7446ed906/
way/1174243187;https://content.digitizetheplanet.org/en/protected_area/4d01bad6-98dd-4c14-8ba6-173baa5d1c26/
way/1002288356;https://content.digitizetheplanet.org/en/protected_area/79ea49cf-4970-4368-be18-0df1687539ee/
way/1002288357;https://content.digitizetheplanet.org/en/protected_area/d816a3f1-2d37-4ce8-99aa-cd524cf4b945/
way/677505668;https://content.digitizetheplanet.org/en/protected_area/7222d43c-365d-49c5-8b76-ff1b2d6ffc79/
way/677505667;https://content.digitizetheplanet.org/en/protected_area/3165ed08-63e7-443c-b97f-9b9493d9561b/
way/677505671;https://content.digitizetheplanet.org/en/protected_area/cf764eb1-dd36-49c7-90df-eff90165ac34/
way/925455340;https://content.digitizetheplanet.org/en/protected_area/4faa9fb9-0c4a-4db8-92ed-19182ee9dd05/
way/670960708;https://content.digitizetheplanet.org/en/protected_area/0af811ad-8fe0-4868-a053-e1d2df64a90b/
way/675840760;https://content.digitizetheplanet.org/en/protected_area/301a15b6-6e61-4c23-81d6-b100d40bacc5/
way/1174218577;https://content.digitizetheplanet.org/en/protected_area/8f633d25-8e8f-446a-ab5e-c0b34226b0d4/
way/1173589094;https://content.digitizetheplanet.org/en/protected_area/ff722c80-c6ce-43c5-ad0a-08b6d1dfb446/
way/1173589096;https://content.digitizetheplanet.org/en/protected_area/0ea4ca62-760b-4424-9922-1fca5994e50f/
way/1173589095;https://content.digitizetheplanet.org/en/protected_area/96b3afd4-1b63-4a0e-b7f3-a6a76b0fe5ab/
way/959172887;https://content.digitizetheplanet.org/en/protected_area/fbfbb19f-e2b2-42f3-bfe6-d0b3a036922e/